{
    "tautau_medium_medium":
    {
    "all": 8.826599061489105,
    "TTToHadronic": {
        "sum": 8.826599061489105,
        "error": 0.7199382008213959
        }
    },
    "tautau_medium_loose":
    {
    "all": 19.77457197383046,
    "TTToHadronic": {
        "sum": 19.77457197383046,
        "error": 1.0814696147145404
        }
    },
    "tautau_medium_vloose":
    {
    "all": 43.628849640488625,
    "TTToHadronic": {
        "sum": 43.628849640488625,
        "error": 1.6138101378596708
        }
    },
    "tautau_medium_vvloose":
    {
    "all": 69.83838252723217,
    "TTToHadronic": {
        "sum": 69.83838252723217,
        "error": 2.0448530646918917
        }
    },
    "tautau_tight_medium":
    {
    "all": 7.776103351265192,
    "TTToHadronic": {
        "sum": 7.776103351265192,
        "error": 0.6756718528406734
        }
    },
    "tautau_tight_loose":
    {
    "all": 14.3511866889894,
    "TTToHadronic": {
        "sum": 14.3511866889894,
        "error": 0.920777526059737
        }
    },
    "tautau_tight_vloose":
    {
    "all": 29.70353254303336,
    "TTToHadronic": {
        "sum": 29.70353254303336,
        "error": 1.3314841856009556
        }
    },
    "tautau_tight_vvloose":
    {
    "all": 45.56875005364418,
    "TTToHadronic": {
        "sum": 45.56875005364418,
        "error": 1.6516922379726606
        }
    },
    "tautau_vtight_medium":
    {
    "all": 5.256897781044245,
    "TTToHadronic": {
        "sum": 5.256897781044245,
        "error": 0.55786304765766
        }
    },
    "tautau_vtight_loose":
    {
    "all": 9.02123860642314,
    "TTToHadronic": {
        "sum": 9.02123860642314,
        "error": 0.731774410487094
        }
    },
    "tautau_vtight_vloose":
    {
    "all": 19.585658330470324,
    "TTToHadronic": {
        "sum": 19.585658330470324,
        "error": 1.085593702536806
        }
    },
    "tautau_vtight_vvloose":
    {
    "all": 29.421996116638184,
    "TTToHadronic": {
        "sum": 29.421996116638184,
        "error": 1.327951753629441
        }
    }}
